               epoch,      train/box_loss,      train/obj_loss,      train/cls_loss,   metrics/precision,      metrics/recall,     metrics/mAP_0.5,metrics/mAP_0.5:0.95,        val/box_loss,        val/obj_loss,        val/cls_loss,               x/lr0,               x/lr1,               x/lr2
                   0,             0.11941,            0.042795,            0.062183,                   0,                   0,                   0,                   0,            0.035273,            0.027007,            0.018694,                 0.1,                   0,                   0
                   1,             0.11925,            0.032988,            0.065778,                   0,                   0,                   0,                   0,            0.034222,            0.028655,            0.018661,              0.0991,          9.9505e-05,          9.9505e-05
                   2,             0.12369,            0.030064,            0.066556,                   0,                   0,                   0,                   0,            0.034119,            0.028553,            0.018656,            0.098198,          0.00019802,          0.00019802
                   3,             0.11849,            0.038482,            0.061392,                   0,                   0,                   0,                   0,            0.034131,            0.028358,            0.018634,            0.097296,          0.00029554,          0.00029554
                   4,             0.11925,            0.038669,            0.057077,                   0,                   0,                   0,                   0,            0.034172,             0.02813,            0.018609,            0.096392,          0.00039208,          0.00039208
                   5,             0.11964,            0.036894,            0.063712,                   0,                   0,                   0,                   0,            0.034322,            0.027827,            0.018601,            0.095488,          0.00048762,          0.00048762
                   6,             0.12001,            0.040436,            0.062121,                   0,                   0,                   0,                   0,            0.034445,            0.027555,            0.018562,            0.094582,          0.00058218,          0.00058218
                   7,             0.12041,            0.033252,            0.061773,                   0,                   0,                   0,                   0,             0.03446,            0.027303,              0.0185,            0.093676,          0.00067574,          0.00067574
                   8,             0.11923,            0.033332,            0.061245,                   0,                   0,                   0,                   0,             0.03446,            0.027303,              0.0185,            0.092768,          0.00076832,          0.00076832
                   9,             0.12146,            0.034188,            0.057502,                   0,                   0,                   0,                   0,            0.034607,            0.026994,            0.018498,             0.09186,          0.00085991,          0.00085991
                  10,             0.11956,            0.036153,            0.059263,                   0,                   0,                   0,                   0,            0.034607,            0.026994,            0.018498,            0.090951,           0.0009505,           0.0009505
                  11,             0.11793,            0.041087,            0.058679,                   0,                   0,                   0,                   0,             0.03495,            0.026516,             0.01841,             0.09004,           0.0010401,           0.0010401
                  12,             0.11602,            0.036106,             0.06095,                   0,                   0,                   0,                   0,             0.03495,            0.026516,             0.01841,            0.089129,           0.0011287,           0.0011287
                  13,              0.1118,            0.038658,            0.056466,                   0,                   0,                   0,                   0,             0.03505,            0.026167,            0.018364,            0.088216,           0.0012163,           0.0012163
                  14,             0.11125,            0.035358,             0.05611,                   0,                   0,                   0,                   0,             0.03505,            0.026167,            0.018364,            0.087303,            0.001303,            0.001303
                  15,             0.11324,            0.037562,             0.06188,                   0,                   0,                   0,                   0,            0.035301,            0.025721,            0.018234,            0.086389,           0.0013886,           0.0013886
                  16,              0.1107,            0.040118,            0.059267,                   0,                   0,                   0,                   0,            0.035301,            0.025721,            0.018234,            0.085473,           0.0014733,           0.0014733
                  17,             0.10817,              0.0491,            0.059218,                   0,                   0,                   0,                   0,            0.035748,            0.025166,            0.018193,            0.084557,           0.0015569,           0.0015569
                  18,             0.11273,            0.041102,              0.0547,                   0,                   0,                   0,                   0,            0.035748,            0.025166,            0.018193,             0.08364,           0.0016396,           0.0016396
                  19,             0.11229,            0.038413,            0.057498,                   0,                   0,                   0,                   0,            0.036084,            0.024689,            0.018169,            0.082721,           0.0017213,           0.0017213
                  20,             0.10552,            0.042748,            0.052747,                   0,                   0,                   0,                   0,            0.036084,            0.024689,            0.018169,            0.081802,            0.001802,            0.001802
                  21,             0.10974,            0.045024,            0.059586,                   0,                   0,                   0,                   0,             0.03638,            0.024184,            0.018133,            0.080882,           0.0018817,           0.0018817
                  22,             0.10579,            0.052246,            0.057128,                   0,                   0,                   0,                   0,             0.03638,            0.024184,            0.018133,             0.07996,           0.0019604,           0.0019604
                  23,             0.10319,            0.033352,            0.052553,                   0,                   0,                   0,                   0,             0.03638,            0.024184,            0.018133,            0.079038,           0.0020381,           0.0020381
                  24,             0.10329,            0.039755,            0.056177,                   0,                   0,                   0,                   0,            0.036516,            0.023777,            0.018099,            0.078115,           0.0021149,           0.0021149
                  25,             0.10513,            0.053931,            0.056173,                   0,                   0,                   0,                   0,            0.036516,            0.023777,            0.018099,            0.077191,           0.0021906,           0.0021906
                  26,             0.10307,             0.03616,            0.059249,                   0,                   0,                   0,                   0,            0.036516,            0.023777,            0.018099,            0.076265,           0.0022654,           0.0022654
                  27,             0.10117,            0.040402,            0.054114,                   0,                   0,                   0,                   0,            0.036573,            0.023477,            0.018102,            0.075339,           0.0023391,           0.0023391
                  28,            0.094482,            0.033922,            0.050342,                   0,                   0,                   0,                   0,            0.036573,            0.023477,            0.018102,            0.074412,           0.0024119,           0.0024119
                  29,             0.10179,            0.043024,            0.060307,                   0,                   0,                   0,                   0,            0.036573,            0.023477,            0.018102,            0.073484,           0.0024837,           0.0024837
                  30,            0.098562,            0.030571,            0.049201,                   0,                   0,                   0,                   0,            0.036941,            0.022979,             0.01798,            0.072554,           0.0025545,           0.0025545
                  31,            0.092041,            0.035492,            0.048596,                   0,                   0,                   0,                   0,            0.036941,            0.022979,             0.01798,            0.071624,           0.0026243,           0.0026243
                  32,            0.094955,            0.039221,            0.052556,                   0,                   0,                   0,                   0,            0.036941,            0.022979,             0.01798,            0.070693,           0.0026931,           0.0026931
                  33,             0.10404,            0.042497,            0.055888,                   0,                   0,                   0,                   0,            0.037237,            0.022458,            0.017959,            0.069761,           0.0027609,           0.0027609
                  34,            0.090959,            0.037525,            0.058346,                   0,                   0,                   0,                   0,            0.037237,            0.022458,            0.017959,            0.068828,           0.0028278,           0.0028278
                  35,            0.089391,            0.041261,            0.044685,                   0,                   0,                   0,                   0,            0.037237,            0.022458,            0.017959,            0.067894,           0.0028936,           0.0028936
                  36,            0.088267,            0.028687,            0.054652,                   0,                   0,                   0,                   0,            0.037237,            0.022458,            0.017959,            0.066958,           0.0029585,           0.0029585
                  37,            0.096254,            0.031725,            0.056212,                   0,                   0,                   0,                   0,            0.037889,            0.021633,            0.017846,            0.066022,           0.0030223,           0.0030223
                  38,            0.097477,            0.035682,            0.050462,                   0,                   0,                   0,                   0,            0.037889,            0.021633,            0.017846,            0.065085,           0.0030852,           0.0030852
                  39,            0.090097,            0.038478,            0.053464,                   0,                   0,                   0,                   0,            0.037889,            0.021633,            0.017846,            0.064147,           0.0031471,           0.0031471
                  40,            0.082796,            0.036329,            0.048687,                   0,                   0,                   0,                   0,            0.037889,            0.021633,            0.017846,            0.063208,            0.003208,            0.003208
                  41,            0.092728,            0.043552,            0.051932,                   0,                   0,                   0,                   0,             0.03806,            0.021139,            0.017707,            0.062268,           0.0032679,           0.0032679
                  42,            0.087595,            0.036292,            0.051709,                   0,                   0,                   0,                   0,             0.03806,            0.021139,            0.017707,            0.061327,           0.0033268,           0.0033268
                  43,            0.088747,            0.050031,            0.051854,                   0,                   0,                   0,                   0,             0.03806,            0.021139,            0.017707,            0.060385,           0.0033847,           0.0033847
                  44,            0.094723,            0.033321,            0.052209,                   0,                   0,                   0,                   0,             0.03806,            0.021139,            0.017707,            0.059442,           0.0034417,           0.0034417
                  45,            0.098447,            0.043841,             0.05403,                   0,                   0,                   0,                   0,            0.036979,            0.021284,             0.01767,            0.058498,           0.0034976,           0.0034976
                  46,            0.093582,            0.042707,            0.054208,                   0,                   0,                   0,                   0,            0.036979,            0.021284,             0.01767,            0.057553,           0.0035526,           0.0035526
                  47,            0.093472,            0.049307,            0.052419,                   0,                   0,                   0,                   0,            0.036979,            0.021284,             0.01767,            0.056607,           0.0036065,           0.0036065
                  48,            0.095547,            0.032483,            0.049559,                   0,                   0,                   0,                   0,            0.036979,            0.021284,             0.01767,             0.05566,           0.0036595,           0.0036595
                  49,            0.090229,             0.03568,            0.051691,                   0,                   0,                   0,                   0,            0.036549,            0.021027,              0.0177,            0.054712,           0.0037115,           0.0037115
                  50,            0.091874,            0.043168,            0.049486,                   0,                   0,                   0,                   0,            0.036549,            0.021027,              0.0177,            0.053763,           0.0037625,           0.0037625
                  51,            0.078621,            0.032519,            0.050915,                   0,                   0,                   0,                   0,            0.036549,            0.021027,              0.0177,            0.052813,           0.0038125,           0.0038125
                  52,            0.093512,            0.045519,            0.051837,                   0,                   0,                   0,                   0,            0.036549,            0.021027,              0.0177,            0.051862,           0.0038615,           0.0038615
                  53,            0.088943,             0.04631,            0.051534,                   0,                   0,                   0,                   0,            0.036549,            0.021027,              0.0177,             0.05091,           0.0039095,           0.0039095
                  54,            0.086508,            0.046116,            0.050284,                   0,                   0,                   0,                   0,            0.036437,             0.02059,            0.017688,            0.049957,           0.0039566,           0.0039566
                  55,            0.087273,            0.041671,            0.048095,                   0,                   0,                   0,                   0,            0.036437,             0.02059,            0.017688,            0.049003,           0.0040026,           0.0040026
                  56,              0.0948,            0.048154,            0.053228,                   0,                   0,                   0,                   0,            0.036437,             0.02059,            0.017688,            0.048048,           0.0040477,           0.0040477
                  57,            0.085617,            0.036088,            0.048143,                   0,                   0,                   0,                   0,            0.036437,             0.02059,            0.017688,            0.047092,           0.0040917,           0.0040917
                  58,            0.094275,            0.053478,            0.051622,                   0,                   0,                   0,                   0,            0.036437,             0.02059,            0.017688,            0.046135,           0.0041348,           0.0041348
                  59,            0.096681,            0.052495,            0.051216,                   0,                   0,                   0,                   0,            0.035785,            0.020358,             0.01773,            0.045177,           0.0041769,           0.0041769
                  60,            0.091108,            0.046163,            0.048509,                   0,                   0,                   0,                   0,            0.035785,            0.020358,             0.01773,            0.044218,            0.004218,            0.004218
                  61,            0.086769,            0.043229,            0.051299,                   0,                   0,                   0,                   0,            0.035785,            0.020358,             0.01773,            0.043258,           0.0042581,           0.0042581
                  62,            0.078705,            0.032166,            0.048467,                   0,                   0,                   0,                   0,            0.035785,            0.020358,             0.01773,            0.042297,           0.0042972,           0.0042972
                  63,             0.09001,            0.051158,            0.050507,                   0,                   0,                   0,                   0,            0.035785,            0.020358,             0.01773,            0.041335,           0.0043353,           0.0043353
                  64,            0.087891,            0.040888,            0.048277,           0.0072464,                 0.5,            0.010365,           0.0020729,            0.035295,            0.020044,            0.017383,            0.040372,           0.0043725,           0.0043725
                  65,            0.096616,            0.048943,            0.052625,           0.0072464,                 0.5,            0.010365,           0.0020729,            0.035295,            0.020044,            0.017383,            0.039409,           0.0044086,           0.0044086
                  66,            0.088009,            0.056001,            0.050076,           0.0072464,                 0.5,            0.010365,           0.0020729,            0.035295,            0.020044,            0.017383,            0.038444,           0.0044438,           0.0044438
                  67,            0.085219,            0.044671,            0.046876,           0.0072464,                 0.5,            0.010365,           0.0020729,            0.035295,            0.020044,            0.017383,            0.037478,           0.0044779,           0.0044779
                  68,            0.084919,            0.035945,            0.048714,           0.0072464,                 0.5,            0.010365,           0.0020729,            0.035295,            0.020044,            0.017383,            0.036511,           0.0045111,           0.0045111
                  69,            0.086401,            0.039584,            0.048013,           0.0072464,                 0.5,            0.010365,           0.0020729,            0.035295,            0.020044,            0.017383,            0.035543,           0.0045433,           0.0045433
                  70,            0.094824,            0.029432,            0.050968,           0.0073529,                 0.5,            0.029265,           0.0058529,            0.035399,            0.019659,            0.018069,            0.034574,           0.0045745,           0.0045745
                  71,            0.090397,            0.039831,            0.047165,           0.0073529,                 0.5,            0.029265,           0.0058529,            0.035399,            0.019659,            0.018069,            0.033605,           0.0046047,           0.0046047
                  72,            0.081321,            0.043939,            0.048394,           0.0073529,                 0.5,            0.029265,           0.0058529,            0.035399,            0.019659,            0.018069,            0.032634,           0.0046339,           0.0046339
                  73,            0.088205,             0.04583,            0.052238,           0.0073529,                 0.5,            0.029265,           0.0058529,            0.035399,            0.019659,            0.018069,            0.031662,           0.0046621,           0.0046621
                  74,            0.080296,            0.044478,            0.046597,           0.0073529,                 0.5,            0.029265,           0.0058529,            0.035399,            0.019659,            0.018069,            0.030689,           0.0046894,           0.0046894
                  75,            0.073135,            0.032536,            0.042634,           0.0073529,                 0.5,            0.029265,           0.0058529,            0.035399,            0.019659,            0.018069,            0.029716,           0.0047156,           0.0047156
                  76,            0.082731,            0.039301,             0.04775,           0.0067568,                 0.5,            0.055278,            0.011056,            0.034607,            0.019364,            0.018397,            0.028741,           0.0047409,           0.0047409
                  77,            0.088162,             0.04556,            0.047561,           0.0067568,                 0.5,            0.055278,            0.011056,            0.034607,            0.019364,            0.018397,            0.027765,           0.0047651,           0.0047651
                  78,            0.069313,            0.035584,            0.045148,           0.0067568,                 0.5,            0.055278,            0.011056,            0.034607,            0.019364,            0.018397,            0.026788,           0.0047884,           0.0047884
                  79,            0.081756,            0.042996,            0.045772,           0.0067568,                 0.5,            0.055278,            0.011056,            0.034607,            0.019364,            0.018397,            0.025811,           0.0048107,           0.0048107
                  80,            0.074922,             0.03466,            0.041361,           0.0067568,                 0.5,            0.055278,            0.011056,            0.034607,            0.019364,            0.018397,            0.024832,            0.004832,            0.004832
                  81,            0.086119,            0.046618,            0.046402,           0.0067568,                 0.5,            0.055278,            0.011056,            0.034607,            0.019364,            0.018397,            0.023852,           0.0048523,           0.0048523
                  82,            0.085412,            0.031927,            0.046419,           0.0067568,                 0.5,            0.055278,            0.011056,            0.034607,            0.019364,            0.018397,            0.022872,           0.0048716,           0.0048716
                  83,            0.080361,            0.032317,            0.050033,           0.0074627,                 0.5,            0.033167,           0.0066333,            0.033963,            0.019483,            0.017005,             0.02189,           0.0048899,           0.0048899
                  84,            0.084503,            0.047008,            0.048642,           0.0074627,                 0.5,            0.033167,           0.0066333,            0.033963,            0.019483,            0.017005,            0.020907,           0.0049073,           0.0049073
                  85,            0.085857,            0.035655,            0.048744,           0.0074627,                 0.5,            0.033167,           0.0066333,            0.033963,            0.019483,            0.017005,            0.019924,           0.0049236,           0.0049236
                  86,             0.08628,            0.046786,            0.048531,           0.0074627,                 0.5,            0.033167,           0.0066333,            0.033963,            0.019483,            0.017005,            0.018939,            0.004939,            0.004939
                  87,            0.087588,            0.046602,            0.047931,           0.0074627,                 0.5,            0.033167,           0.0066333,            0.033963,            0.019483,            0.017005,            0.017953,           0.0049533,           0.0049533
                  88,            0.084808,            0.047385,            0.047482,           0.0074627,                 0.5,            0.033167,           0.0066333,            0.033963,            0.019483,            0.017005,            0.016967,           0.0049667,           0.0049667
                  89,             0.08099,            0.041724,            0.050855,           0.0074627,                 0.5,            0.033167,           0.0066333,            0.033963,            0.019483,            0.017005,            0.015979,           0.0049791,           0.0049791
                  90,            0.086119,            0.061327,            0.047103,           0.0072464,                 0.5,            0.026184,           0.0026184,             0.03267,            0.019522,            0.016931,             0.01499,           0.0049905,           0.0049905
                  91,             0.08741,            0.043875,            0.045777,           0.0072464,                 0.5,            0.026184,           0.0026184,             0.03267,            0.019522,            0.016931,            0.014001,           0.0050009,           0.0050009
                  92,            0.076771,            0.043594,            0.047422,           0.0072464,                 0.5,            0.026184,           0.0026184,             0.03267,            0.019522,            0.016931,             0.01301,           0.0050103,           0.0050103
                  93,            0.088895,            0.038438,            0.047568,           0.0072464,                 0.5,            0.026184,           0.0026184,             0.03267,            0.019522,            0.016931,            0.012019,           0.0050187,           0.0050187
                  94,             0.08349,            0.048384,            0.045375,           0.0072464,                 0.5,            0.026184,           0.0026184,             0.03267,            0.019522,            0.016931,            0.011026,           0.0050262,           0.0050262
                  95,            0.076415,            0.048982,            0.046817,           0.0072464,                 0.5,            0.026184,           0.0026184,             0.03267,            0.019522,            0.016931,            0.010033,           0.0050326,           0.0050326
                  96,              0.0828,            0.036642,            0.043452,           0.0072464,                 0.5,            0.026184,           0.0026184,             0.03267,            0.019522,            0.016931,           0.0090381,           0.0050381,           0.0050381
                  97,            0.086503,            0.037593,            0.044892,           0.0072464,                 0.5,            0.026184,           0.0026184,             0.03267,            0.019522,            0.016931,           0.0080425,           0.0050425,           0.0050425
                  98,            0.080347,            0.033286,            0.043015,           0.0067568,                 0.5,            0.062187,            0.013859,             0.03211,            0.019212,            0.017226,            0.007046,            0.005046,            0.005046
                  99,            0.068492,             0.02654,            0.055631,           0.0067568,                 0.5,            0.062187,            0.013859,             0.03211,            0.019212,            0.017226,           0.0060485,           0.0050485,           0.0050485
                 100,             0.08269,            0.049259,            0.046892,           0.0067568,                 0.5,            0.062187,            0.013859,             0.03211,            0.019212,            0.017226,             0.00505,             0.00505,             0.00505
                 101,            0.075398,            0.053842,            0.044887,           0.0067568,                 0.5,            0.062187,            0.013859,             0.03211,            0.019212,            0.017226,             0.00505,             0.00505,             0.00505
                 102,             0.08423,            0.050556,            0.046011,           0.0067568,                 0.5,            0.062187,            0.013859,             0.03211,            0.019212,            0.017226,           0.0050005,           0.0050005,           0.0050005
                 103,            0.068759,             0.03612,            0.047618,           0.0067568,                 0.5,            0.062187,            0.013859,             0.03211,            0.019212,            0.017226,            0.004951,            0.004951,            0.004951
                 104,             0.07849,            0.033538,            0.051456,           0.0067568,                 0.5,            0.062187,            0.013859,             0.03211,            0.019212,            0.017226,           0.0049015,           0.0049015,           0.0049015
                 105,            0.081584,            0.032569,            0.044912,           0.0067568,                 0.5,            0.062187,            0.013859,             0.03211,            0.019212,            0.017226,            0.004852,            0.004852,            0.004852
                 106,             0.08448,            0.029283,            0.050742,           0.0061728,                 0.5,            0.045227,            0.011533,            0.031595,            0.018959,            0.017007,           0.0048025,           0.0048025,           0.0048025
                 107,             0.07907,            0.034995,            0.046993,           0.0061728,                 0.5,            0.045227,            0.011533,            0.031595,            0.018959,            0.017007,            0.004753,            0.004753,            0.004753
                 108,            0.084124,            0.052715,            0.046496,           0.0061728,                 0.5,            0.045227,            0.011533,            0.031595,            0.018959,            0.017007,           0.0047035,           0.0047035,           0.0047035
                 109,            0.074736,            0.027401,            0.058207,           0.0061728,                 0.5,            0.045227,            0.011533,            0.031595,            0.018959,            0.017007,            0.004654,            0.004654,            0.004654
                 110,            0.071399,            0.034857,            0.059751,           0.0061728,                 0.5,            0.045227,            0.011533,            0.031595,            0.018959,            0.017007,           0.0046045,           0.0046045,           0.0046045
                 111,            0.075541,            0.039406,            0.042136,           0.0061728,                 0.5,            0.045227,            0.011533,            0.031595,            0.018959,            0.017007,            0.004555,            0.004555,            0.004555
                 112,            0.087922,              0.0376,            0.044691,           0.0061728,                 0.5,            0.045227,            0.011533,            0.031595,            0.018959,            0.017007,           0.0045055,           0.0045055,           0.0045055
                 113,            0.080953,            0.057879,            0.046036,           0.0061728,                 0.5,            0.045227,            0.011533,            0.031595,            0.018959,            0.017007,            0.004456,            0.004456,            0.004456
                 114,            0.061578,            0.031107,            0.034006,           0.0061728,                 0.5,             0.04975,            0.011759,            0.032165,            0.018578,            0.017077,           0.0044065,           0.0044065,           0.0044065
                 115,            0.085717,             0.03407,            0.045599,           0.0061728,                 0.5,             0.04975,            0.011759,            0.032165,            0.018578,            0.017077,            0.004357,            0.004357,            0.004357
                 116,            0.083329,            0.059316,            0.046976,           0.0061728,                 0.5,             0.04975,            0.011759,            0.032165,            0.018578,            0.017077,           0.0043075,           0.0043075,           0.0043075
                 117,            0.080218,            0.031498,            0.042845,           0.0061728,                 0.5,             0.04975,            0.011759,            0.032165,            0.018578,            0.017077,            0.004258,            0.004258,            0.004258
                 118,            0.074428,            0.036633,            0.044065,           0.0061728,                 0.5,             0.04975,            0.011759,            0.032165,            0.018578,            0.017077,           0.0042085,           0.0042085,           0.0042085
                 119,            0.086783,            0.042448,            0.044988,           0.0061728,                 0.5,             0.04975,            0.011759,            0.032165,            0.018578,            0.017077,            0.004159,            0.004159,            0.004159
                 120,            0.080248,            0.035932,            0.046899,           0.0061728,                 0.5,             0.04975,            0.011759,            0.032165,            0.018578,            0.017077,           0.0041095,           0.0041095,           0.0041095
                 121,            0.088185,             0.05514,            0.044426,           0.0061728,                 0.5,             0.04975,            0.011759,            0.032165,            0.018578,            0.017077,             0.00406,             0.00406,             0.00406
                 122,            0.088047,            0.039631,            0.047606,           0.0058824,                 0.5,             0.12437,            0.022998,            0.031375,            0.018592,            0.017216,           0.0040105,           0.0040105,           0.0040105
                 123,            0.079577,            0.041765,            0.043607,           0.0058824,                 0.5,             0.12437,            0.022998,            0.031375,            0.018592,            0.017216,            0.003961,            0.003961,            0.003961
                 124,            0.091617,            0.034943,            0.047329,           0.0058824,                 0.5,             0.12437,            0.022998,            0.031375,            0.018592,            0.017216,           0.0039115,           0.0039115,           0.0039115
                 125,            0.070617,            0.031735,            0.034868,           0.0058824,                 0.5,             0.12437,            0.022998,            0.031375,            0.018592,            0.017216,            0.003862,            0.003862,            0.003862
                 126,            0.083968,            0.048344,            0.048796,           0.0058824,                 0.5,             0.12437,            0.022998,            0.031375,            0.018592,            0.017216,           0.0038125,           0.0038125,           0.0038125
                 127,            0.077761,            0.040224,            0.043875,           0.0058824,                 0.5,             0.12437,            0.022998,            0.031375,            0.018592,            0.017216,            0.003763,            0.003763,            0.003763
                 128,            0.072222,            0.040696,            0.043354,           0.0058824,                 0.5,             0.12437,            0.022998,            0.031375,            0.018592,            0.017216,           0.0037135,           0.0037135,           0.0037135
                 129,            0.084277,             0.05042,            0.044611,           0.0058824,                 0.5,             0.12437,            0.022998,            0.031375,            0.018592,            0.017216,            0.003664,            0.003664,            0.003664
                 130,            0.083608,            0.034315,            0.044031,           0.0065789,                 0.5,              0.0995,             0.02529,            0.030845,            0.018491,            0.017695,           0.0036145,           0.0036145,           0.0036145
                 131,            0.081179,            0.046366,            0.045941,           0.0065789,                 0.5,              0.0995,             0.02529,            0.030845,            0.018491,            0.017695,            0.003565,            0.003565,            0.003565
                 132,            0.082193,            0.063475,            0.045776,           0.0065789,                 0.5,              0.0995,             0.02529,            0.030845,            0.018491,            0.017695,           0.0035155,           0.0035155,           0.0035155
                 133,            0.083138,            0.040813,            0.043586,           0.0065789,                 0.5,              0.0995,             0.02529,            0.030845,            0.018491,            0.017695,            0.003466,            0.003466,            0.003466
                 134,            0.080217,            0.036552,            0.049397,           0.0065789,                 0.5,              0.0995,             0.02529,            0.030845,            0.018491,            0.017695,           0.0034165,           0.0034165,           0.0034165
                 135,            0.074865,            0.039256,            0.046502,           0.0065789,                 0.5,              0.0995,             0.02529,            0.030845,            0.018491,            0.017695,            0.003367,            0.003367,            0.003367
                 136,            0.073788,            0.035618,            0.040888,           0.0065789,                 0.5,              0.0995,             0.02529,            0.030845,            0.018491,            0.017695,           0.0033175,           0.0033175,           0.0033175
                 137,            0.083136,            0.041114,             0.04232,           0.0065789,                 0.5,              0.0995,             0.02529,            0.030845,            0.018491,            0.017695,            0.003268,            0.003268,            0.003268
                 138,            0.073505,            0.045473,            0.050946,           0.0060976,                 0.5,             0.12437,            0.038556,            0.031057,            0.018128,            0.017727,           0.0032185,           0.0032185,           0.0032185
                 139,            0.079162,             0.03771,            0.039721,           0.0060976,                 0.5,             0.12437,            0.038556,            0.031057,            0.018128,            0.017727,            0.003169,            0.003169,            0.003169
                 140,            0.078469,            0.028443,            0.044415,           0.0060976,                 0.5,             0.12437,            0.038556,            0.031057,            0.018128,            0.017727,           0.0031195,           0.0031195,           0.0031195
                 141,            0.071832,            0.034375,            0.036698,           0.0060976,                 0.5,             0.12437,            0.038556,            0.031057,            0.018128,            0.017727,             0.00307,             0.00307,             0.00307
                 142,            0.078762,            0.048914,            0.042773,           0.0060976,                 0.5,             0.12437,            0.038556,            0.031057,            0.018128,            0.017727,           0.0030205,           0.0030205,           0.0030205
                 143,            0.072102,            0.041677,            0.040359,           0.0060976,                 0.5,             0.12437,            0.038556,            0.031057,            0.018128,            0.017727,            0.002971,            0.002971,            0.002971
                 144,            0.079972,            0.033209,            0.038635,           0.0060976,                 0.5,             0.12437,            0.038556,            0.031057,            0.018128,            0.017727,           0.0029215,           0.0029215,           0.0029215
                 145,            0.074533,            0.039071,            0.041222,           0.0060976,                 0.5,             0.12437,            0.038556,            0.031057,            0.018128,            0.017727,            0.002872,            0.002872,            0.002872
                 146,            0.077105,            0.048001,            0.041957,           0.0053763,                 0.5,             0.12437,            0.030112,            0.031094,            0.017919,            0.017784,           0.0028225,           0.0028225,           0.0028225
                 147,            0.078752,            0.051408,            0.043169,           0.0053763,                 0.5,             0.12437,            0.030112,            0.031094,            0.017919,            0.017784,            0.002773,            0.002773,            0.002773
                 148,            0.082238,            0.040302,            0.049674,           0.0053763,                 0.5,             0.12437,            0.030112,            0.031094,            0.017919,            0.017784,           0.0027235,           0.0027235,           0.0027235
                 149,             0.06921,            0.036305,             0.03807,           0.0053763,                 0.5,             0.12437,            0.030112,            0.031094,            0.017919,            0.017784,            0.002674,            0.002674,            0.002674
                 150,            0.079114,            0.042219,            0.045118,           0.0053763,                 0.5,             0.12437,            0.030112,            0.031094,            0.017919,            0.017784,           0.0026245,           0.0026245,           0.0026245
                 151,            0.063932,            0.028355,            0.035318,           0.0053763,                 0.5,             0.12437,            0.030112,            0.031094,            0.017919,            0.017784,            0.002575,            0.002575,            0.002575
                 152,            0.076824,            0.034369,            0.042098,           0.0053763,                 0.5,             0.12437,            0.030112,            0.031094,            0.017919,            0.017784,           0.0025255,           0.0025255,           0.0025255
                 153,            0.075321,            0.043967,            0.044772,           0.0053763,                 0.5,             0.12437,            0.030112,            0.031094,            0.017919,            0.017784,            0.002476,            0.002476,            0.002476
                 154,            0.086238,            0.034501,             0.04303,            0.005814,                 0.5,             0.12437,            0.024875,            0.030978,            0.017641,            0.018038,           0.0024265,           0.0024265,           0.0024265
                 155,            0.080146,            0.045716,            0.044836,            0.005814,                 0.5,             0.12437,            0.024875,            0.030978,            0.017641,            0.018038,            0.002377,            0.002377,            0.002377
                 156,            0.077065,            0.057035,            0.042699,            0.005814,                 0.5,             0.12437,            0.024875,            0.030978,            0.017641,            0.018038,           0.0023275,           0.0023275,           0.0023275
                 157,            0.077053,            0.043916,            0.041182,            0.005814,                 0.5,             0.12437,            0.024875,            0.030978,            0.017641,            0.018038,            0.002278,            0.002278,            0.002278
                 158,            0.074939,            0.033805,            0.037155,            0.005814,                 0.5,             0.12437,            0.024875,            0.030978,            0.017641,            0.018038,           0.0022285,           0.0022285,           0.0022285
                 159,            0.077727,            0.045975,            0.047828,            0.005814,                 0.5,             0.12437,            0.024875,            0.030978,            0.017641,            0.018038,            0.002179,            0.002179,            0.002179
                 160,            0.057234,            0.030704,            0.033911,            0.005814,                 0.5,             0.12437,            0.024875,            0.030978,            0.017641,            0.018038,           0.0021295,           0.0021295,           0.0021295
                 161,            0.078085,            0.043251,             0.04293,            0.005814,                 0.5,             0.12437,            0.024875,            0.030978,            0.017641,            0.018038,             0.00208,             0.00208,             0.00208
                 162,             0.07616,            0.037491,            0.037623,           0.0058824,                 0.5,              0.0995,            0.013713,            0.030721,            0.017577,            0.018092,           0.0020305,           0.0020305,           0.0020305
                 163,            0.075965,            0.028549,            0.042802,           0.0058824,                 0.5,              0.0995,            0.013713,            0.030721,            0.017577,            0.018092,            0.001981,            0.001981,            0.001981
                 164,             0.07754,            0.038528,            0.044756,           0.0058824,                 0.5,              0.0995,            0.013713,            0.030721,            0.017577,            0.018092,           0.0019315,           0.0019315,           0.0019315
                 165,            0.076222,            0.043039,            0.041387,           0.0058824,                 0.5,              0.0995,            0.013713,            0.030721,            0.017577,            0.018092,            0.001882,            0.001882,            0.001882
                 166,            0.077649,             0.05766,            0.045552,           0.0058824,                 0.5,              0.0995,            0.013713,            0.030721,            0.017577,            0.018092,           0.0018325,           0.0018325,           0.0018325
                 167,            0.081759,             0.04124,            0.041001,           0.0058824,                 0.5,              0.0995,            0.013713,            0.030721,            0.017577,            0.018092,            0.001783,            0.001783,            0.001783
                 168,             0.07688,            0.055311,            0.043747,           0.0058824,                 0.5,              0.0995,            0.013713,            0.030721,            0.017577,            0.018092,           0.0017335,           0.0017335,           0.0017335
                 169,             0.07615,            0.051032,            0.041839,           0.0058824,                 0.5,              0.0995,            0.013713,            0.030721,            0.017577,            0.018092,            0.001684,            0.001684,            0.001684
                 170,            0.079448,            0.048014,            0.044839,            0.005814,                 0.5,            0.033167,           0.0063372,            0.031329,            0.017214,            0.017871,           0.0016345,           0.0016345,           0.0016345
                 171,            0.068331,             0.02924,            0.039329,            0.005814,                 0.5,            0.033167,           0.0063372,            0.031329,            0.017214,            0.017871,            0.001585,            0.001585,            0.001585
                 172,            0.072867,            0.040889,            0.044078,            0.005814,                 0.5,            0.033167,           0.0063372,            0.031329,            0.017214,            0.017871,           0.0015355,           0.0015355,           0.0015355
                 173,            0.073717,            0.051876,            0.037998,            0.005814,                 0.5,            0.033167,           0.0063372,            0.031329,            0.017214,            0.017871,            0.001486,            0.001486,            0.001486
                 174,            0.076386,            0.043851,            0.043125,            0.005814,                 0.5,            0.033167,           0.0063372,            0.031329,            0.017214,            0.017871,           0.0014365,           0.0014365,           0.0014365
                 175,            0.068265,            0.031547,            0.047151,            0.005814,                 0.5,            0.033167,           0.0063372,            0.031329,            0.017214,            0.017871,            0.001387,            0.001387,            0.001387
                 176,            0.075035,            0.052985,            0.043665,            0.005814,                 0.5,            0.033167,           0.0063372,            0.031329,            0.017214,            0.017871,           0.0013375,           0.0013375,           0.0013375
                 177,            0.075123,            0.059103,            0.045678,            0.005814,                 0.5,            0.033167,           0.0063372,            0.031329,            0.017214,            0.017871,            0.001288,            0.001288,            0.001288
                 178,            0.074175,            0.044159,            0.041741,           0.0057471,                 0.5,            0.031094,           0.0059811,            0.031364,            0.017147,             0.01787,           0.0012385,           0.0012385,           0.0012385
                 179,            0.079671,            0.055668,            0.044306,           0.0057471,                 0.5,            0.031094,           0.0059811,            0.031364,            0.017147,             0.01787,            0.001189,            0.001189,            0.001189
                 180,             0.06526,            0.041106,            0.045315,           0.0057471,                 0.5,            0.031094,           0.0059811,            0.031364,            0.017147,             0.01787,           0.0011395,           0.0011395,           0.0011395
                 181,            0.078729,            0.054882,             0.04372,           0.0057471,                 0.5,            0.031094,           0.0059811,            0.031364,            0.017147,             0.01787,             0.00109,             0.00109,             0.00109
                 182,            0.077169,            0.025911,            0.035342,           0.0057471,                 0.5,            0.031094,           0.0059811,            0.031364,            0.017147,             0.01787,           0.0010405,           0.0010405,           0.0010405
                 183,            0.075193,            0.044451,             0.04555,           0.0057471,                 0.5,            0.031094,           0.0059811,            0.031364,            0.017147,             0.01787,            0.000991,            0.000991,            0.000991
                 184,             0.07221,            0.035883,            0.043135,           0.0057471,                 0.5,            0.031094,           0.0059811,            0.031364,            0.017147,             0.01787,           0.0009415,           0.0009415,           0.0009415
                 185,            0.076877,            0.047501,            0.039859,           0.0057471,                 0.5,            0.031094,           0.0059811,            0.031364,            0.017147,             0.01787,            0.000892,            0.000892,            0.000892
                 186,            0.074354,            0.052203,            0.043279,           0.0057471,                 0.5,            0.029265,             0.00648,            0.031285,            0.017074,            0.017901,           0.0008425,           0.0008425,           0.0008425
                 187,            0.078882,            0.058507,            0.042471,           0.0057471,                 0.5,            0.029265,             0.00648,            0.031285,            0.017074,            0.017901,            0.000793,            0.000793,            0.000793
                 188,            0.074136,            0.050908,            0.042216,           0.0057471,                 0.5,            0.029265,             0.00648,            0.031285,            0.017074,            0.017901,           0.0007435,           0.0007435,           0.0007435
                 189,            0.075331,            0.043204,             0.03893,           0.0057471,                 0.5,            0.029265,             0.00648,            0.031285,            0.017074,            0.017901,            0.000694,            0.000694,            0.000694
                 190,            0.069112,            0.032268,            0.040465,           0.0057471,                 0.5,            0.029265,             0.00648,            0.031285,            0.017074,            0.017901,           0.0006445,           0.0006445,           0.0006445
                 191,            0.076545,            0.050592,            0.045208,           0.0057471,                 0.5,            0.029265,             0.00648,            0.031285,            0.017074,            0.017901,            0.000595,            0.000595,            0.000595
                 192,            0.082177,             0.03597,            0.043426,           0.0057471,                 0.5,            0.029265,             0.00648,            0.031285,            0.017074,            0.017901,           0.0005455,           0.0005455,           0.0005455
                 193,             0.07971,            0.036657,            0.041278,           0.0057471,                 0.5,            0.029265,             0.00648,            0.031285,            0.017074,            0.017901,            0.000496,            0.000496,            0.000496
                 194,            0.080791,            0.044211,            0.043481,           0.0058824,                 0.5,            0.082917,           0.0082917,            0.030945,            0.017048,            0.017891,           0.0004465,           0.0004465,           0.0004465
                 195,            0.082783,            0.042088,            0.042639,           0.0058824,                 0.5,            0.082917,           0.0082917,            0.030945,            0.017048,            0.017891,            0.000397,            0.000397,            0.000397
                 196,            0.073362,            0.044188,            0.040792,           0.0058824,                 0.5,            0.082917,           0.0082917,            0.030945,            0.017048,            0.017891,           0.0003475,           0.0003475,           0.0003475
                 197,            0.077132,            0.043593,            0.044929,           0.0058824,                 0.5,            0.082917,           0.0082917,            0.030945,            0.017048,            0.017891,            0.000298,            0.000298,            0.000298
                 198,            0.077064,            0.048638,            0.041573,           0.0058824,                 0.5,            0.082917,           0.0082917,            0.030945,            0.017048,            0.017891,           0.0002485,           0.0002485,           0.0002485
                 199,            0.078895,             0.04163,            0.042783,           0.0058824,                 0.5,            0.082917,           0.0082917,            0.030945,            0.017048,            0.017891,            0.000199,            0.000199,            0.000199
